{
  "image_tc_chunksplit": {
    "dataset": 0.2785659432411194,
    "class": -0.0927828699350357
  },
  "image_sc_chunksplit": {
    "dataset": 0.2895391285419464,
    "class": -0.16635046899318695
  },
  "image_pooled_tc20": {
    "dataset": 0.13496194779872894,
    "class": -0.10655548423528671
  },
  "roi_tc_chunksplit": {
    "dataset": 0.08432523161172867,
    "class": -0.08079719543457031
  },
  "roi_sc_chunksplit": {
    "dataset": 0.05201956257224083,
    "class": -0.07490452378988266
  },
  "roi_pooled_tc20": {
    "dataset": 0.0420105941593647,
    "class": -0.011141139082610607
  }
}