{
  "source_dataset": "seaclear",
  "target_dataset": "seaclear",
  "target_ann": "seaclear_data/seaclear_480p_test.json",
  "checkpoint": "checkpoints/seaclear/model6v2/best_model.pth",
  "eval_space": "seaclear",
  "preprocess": "none",
  "metrics": {
    "box_mAP": 0.5653504448938298,
    "box_mAP_50": 0.8071664477255274,
    "box_mAP_75": 0.6449916376705487,
    "box_mAP_small": 0.4202463468268252,
    "box_mAP_medium": 0.5841729517187738,
    "box_mAP_large": 0.7748091841737307,
    "mask_mAP": 0.47417008648829656,
    "mask_mAP_50": 0.7556302696720595,
    "mask_mAP_75": 0.5070719710663569,
    "mask_mAP_small": 0.3757370295257527,
    "mask_mAP_medium": 0.5150997301675546,
    "mask_mAP_large": 0.6403699770848673,
    "per_class_ap": {
      "can_metal": 0.4923,
      "tarp_plastic": 0.0,
      "container_plastic": 0.7572,
      "bottle_plastic": 0.5959,
      "tube_cement": 0.6967,
      "plant": 0.5151,
      "container_middle_size_metal": 0.668,
      "animal_etc": 0.5502,
      "animal_sponge": 0.5635,
      "bottle_glass": 0.5205,
      "wreckage_metal": 0.418,
      "unknown_instance": 0.4224,
      "pipe_plastic": 0.4482,
      "net_plastic": 0.6063,
      "animal_shells": 0.4655,
      "rope_fiber": 0.1872,
      "animal_urchin": 0.4729,
      "cup_plastic": 0.5434,
      "brick_clay": 0.5643,
      "bag_plastic": 0.6979,
      "sanitaries_plastic": 0.3122,
      "clothing_fiber": 0.7645,
      "cup_ceramic": 0.426,
      "boot_rubber": 0.7793,
      "tire_rubber": 0.8569,
      "jar_glass": 0.4993,
      "rov_cable": 0.2013,
      "rov_tortuga": 0.5293,
      "branch_wood": 0.4456,
      "furniture_wood": 0.0,
      "snack_wrapper_plastic": 0.6039,
      "lid_plastic": 0.5525,
      "cardboard_paper": 0.0,
      "rope_plastic": 0.0,
      "cable_metal": 0.0202,
      "animal_fish": 0.2855,
      "snack_wrapper_paper": 0.0,
      "rov_vehicle_leg": 0.949,
      "rov_bluerov": 0.7621,
      "animal_starfish": 0.3199
    }
  },
  "grouped_metrics": {
    "coarse": {
      "box_mAP": 0.6729462876940066,
      "box_mAP_50": 0.9066522373603916,
      "box_mAP_75": 0.7456601151054976,
      "box_mAP_small": 0.4621519563968442,
      "box_mAP_medium": 0.7070943522403599,
      "box_mAP_large": 0.8328171867218441,
      "mask_mAP": 0.5249867660620045,
      "mask_mAP_50": 0.8135881214185663,
      "mask_mAP_75": 0.5430383855175751,
      "mask_mAP_small": 0.3881126146656343,
      "mask_mAP_medium": 0.6045771645287976,
      "mask_mAP_large": 0.5847981686045457,
      "per_class_ap": {
        "rov": 0.6238,
        "organic": 0.4859,
        "trash_easy": 0.6448,
        "trash_entangled": 0.3031,
        "trash_heavy": 0.5673
      }
    },
    "ternary": {
      "box_mAP": 0.6942085127623819,
      "box_mAP_50": 0.9241214836266148,
      "box_mAP_75": 0.766682484324887,
      "box_mAP_small": 0.5349317613006173,
      "box_mAP_medium": 0.776749656251428,
      "box_mAP_large": 0.8280359934796462,
      "mask_mAP": 0.5591156460510243,
      "mask_mAP_50": 0.858538757979469,
      "mask_mAP_75": 0.5659345206891808,
      "mask_mAP_small": 0.45898174404906966,
      "mask_mAP_medium": 0.6886122051084925,
      "mask_mAP_large": 0.5254188207138494,
      "per_class_ap": {
        "rov": 0.6238,
        "non_trash": 0.4859,
        "trash": 0.5677
      }
    },
    "binary": {
      "box_mAP": 0.6148078247696983,
      "box_mAP_50": 0.9037452700425644,
      "box_mAP_75": 0.6916877470421982,
      "box_mAP_small": 0.5021486534270541,
      "box_mAP_medium": 0.7191714914121717,
      "box_mAP_large": 0.8220744972704216,
      "mask_mAP": 0.5305352701080397,
      "mask_mAP_50": 0.8622867457694213,
      "mask_mAP_75": 0.5624803317684514,
      "mask_mAP_small": 0.450533366620804,
      "mask_mAP_medium": 0.6324896231334391,
      "mask_mAP_large": 0.5396862623978157,
      "per_class_ap": {
        "non_trash": 0.4934,
        "trash": 0.5677
      }
    }
  }
}