{
  "source_dataset": "trashcan",
  "target_dataset": "trashcan",
  "target_ann": "trashcan_data/trashcan_test.json",
  "checkpoint": "checkpoints/trashcan/model6v2/best_model.pth",
  "eval_space": "trashcan",
  "preprocess": "none",
  "metrics": {
    "box_mAP": 0.5890607039760903,
    "box_mAP_50": 0.8364052558697384,
    "box_mAP_75": 0.6585815527284631,
    "box_mAP_small": 0.5348693539332995,
    "box_mAP_medium": 0.6367960153517873,
    "box_mAP_large": 0.6447361083374259,
    "mask_mAP": 0.5080993803236137,
    "mask_mAP_50": 0.8105570781919046,
    "mask_mAP_75": 0.5355956245638719,
    "mask_mAP_small": 0.49715308336185854,
    "mask_mAP_medium": 0.5325729093471381,
    "mask_mAP_large": 0.5699989118549451,
    "per_class_ap": {
      "rov": 0.4464,
      "plant": 0.3865,
      "animal_fish": 0.6699,
      "animal_starfish": 0.3125,
      "animal_shells": 0.5637,
      "animal_crab": 0.5113,
      "animal_eel": 0.4023,
      "animal_etc": 0.3488,
      "trash_clothing": 0.7431,
      "trash_pipe": 0.3646,
      "trash_bottle": 0.6901,
      "trash_bag": 0.5972,
      "trash_snack_wrapper": 0.5656,
      "trash_can": 0.626,
      "trash_cup": 0.7723,
      "trash_container": 0.6387,
      "trash_unknown_instance": 0.5162,
      "trash_branch": 0.5224,
      "trash_wreckage": 0.2666,
      "trash_tarp": 0.6243,
      "trash_rope": 0.2469,
      "trash_net": 0.3629
    }
  },
  "grouped_metrics": {
    "coarse": {
      "box_mAP": 0.5627029104903803,
      "box_mAP_50": 0.7986102267078753,
      "box_mAP_75": 0.65049372612897,
      "box_mAP_small": 0.5065628550449365,
      "box_mAP_medium": 0.5871989525840071,
      "box_mAP_large": 0.5701759681270179,
      "mask_mAP": 0.4976204195269298,
      "mask_mAP_50": 0.7681430521589571,
      "mask_mAP_75": 0.5458760876395102,
      "mask_mAP_small": 0.5084256542290352,
      "mask_mAP_medium": 0.5162390584393702,
      "mask_mAP_large": 0.49912091799202296,
      "per_class_ap": {
        "rov": 0.4464,
        "organic": 0.4862,
        "trash_easy": 0.5944,
        "trash_entangled": 0.4601,
        "trash_heavy": 0.5011
      }
    },
    "ternary": {
      "box_mAP": 0.5493854851508748,
      "box_mAP_50": 0.7752290691221723,
      "box_mAP_75": 0.6314496608281045,
      "box_mAP_small": 0.4683009787420626,
      "box_mAP_medium": 0.5677868785641316,
      "box_mAP_large": 0.6021771323594367,
      "mask_mAP": 0.4902760162561852,
      "mask_mAP_50": 0.7690224359927763,
      "mask_mAP_75": 0.5188549388119569,
      "mask_mAP_small": 0.44715996078989834,
      "mask_mAP_medium": 0.502017775185036,
      "mask_mAP_large": 0.5339451040343058,
      "per_class_ap": {
        "rov": 0.4464,
        "non_trash": 0.4862,
        "trash": 0.5383
      }
    },
    "binary": {
      "box_mAP": 0.5446695968742505,
      "box_mAP_50": 0.7801501428502019,
      "box_mAP_75": 0.6337185268210105,
      "box_mAP_small": 0.5063233045389737,
      "box_mAP_medium": 0.5705370516666773,
      "box_mAP_large": 0.5578601583946167,
      "mask_mAP": 0.4853987833521995,
      "mask_mAP_50": 0.7758966758156861,
      "mask_mAP_75": 0.5210093198778198,
      "mask_mAP_small": 0.4626853613996532,
      "mask_mAP_medium": 0.5004138109059822,
      "mask_mAP_large": 0.4950131357799818,
      "per_class_ap": {
        "non_trash": 0.4325,
        "trash": 0.5383
      }
    }
  }
}