{
  "image_tc_chunksplit": {
    "dataset": 0.279190331697464,
    "class": -0.03601464629173279
  },
  "image_sc_chunksplit": {
    "dataset": 0.3506064713001251,
    "class": -0.06556475162506104
  },
  "image_pooled_tc20": {
    "dataset": 0.19562067091464996,
    "class": -0.053482815623283386
  },
  "roi_tc_chunksplit": {
    "dataset": 0.05541721358895302,
    "class": -0.01922975853085518
  },
  "roi_sc_chunksplit": {
    "dataset": 0.07952109724283218,
    "class": -0.006798619870096445
  },
  "roi_pooled_tc20": {
    "dataset": 0.0657595694065094,
    "class": 0.02165662683546543
  }
}