{
  "image_tc": {
    "dataset": 0.22954824566841125,
    "class": -0.0946403220295906
  },
  "image_sc": {
    "dataset": 0.24928948283195496,
    "class": -0.13714265823364258
  },
  "roi_tc": {
    "dataset": 0.06125666946172714,
    "class": -0.08866551518440247
  },
  "roi_sc": {
    "dataset": 0.042748451232910156,
    "class": -0.04950224980711937
  }
}