{
  "image_tc_chunksplit": {
    "dataset": 0.2785659432411194,
    "class": -0.0927828699350357
  },
  "image_sc_chunksplit": {
    "dataset": 0.2895391285419464,
    "class": -0.16635046899318695
  },
  "image_sc_chunksplit+grayscale": {
    "dataset": 0.30714452266693115,
    "class": -0.16897571086883545
  },
  "roi_tc_chunksplit": {
    "dataset": 0.08432523161172867,
    "class": -0.08079719543457031
  },
  "roi_sc_chunksplit": {
    "dataset": 0.05201956257224083,
    "class": -0.07490452378988266
  },
  "roi_sc_chunksplit+grayscale": {
    "dataset": 0.05833066627383232,
    "class": -0.0758804976940155
  }
}