{
  "image_tc_chunksplit": {
    "dataset": 0.2689768373966217,
    "class": 0.012627407908439636
  },
  "image_sc_chunksplit": {
    "dataset": 0.26930901408195496,
    "class": 0.003143925219774246
  },
  "image_pooled_tc20": {
    "dataset": 0.15140734612941742,
    "class": 0.025476722046732903
  },
  "roi_tc_chunksplit": {
    "dataset": 0.05217355489730835,
    "class": -0.050451941788196564
  },
  "roi_sc_chunksplit": {
    "dataset": 0.022188058122992516,
    "class": -0.031604815274477005
  },
  "roi_pooled_tc20": {
    "dataset": 0.029420780017971992,
    "class": -0.019432930275797844
  }
}