{
  "source_dataset": "seaclear",
  "target_dataset": "seaclear",
  "target_ann": "seaclear_data/seaclear_480p_chunksplit_test.json",
  "checkpoint": "checkpoints/seaclear_chunksplit_grayscale0.4/model6v2/best_model.pth",
  "eval_space": "seaclear",
  "preprocess": "none",
  "metrics": {
    "box_mAP": 0.35701317049640113,
    "box_mAP_50": 0.4920254946670497,
    "box_mAP_75": 0.4141073124399033,
    "box_mAP_small": 0.16924648454449098,
    "box_mAP_medium": 0.3714273588677136,
    "box_mAP_large": 0.4861965930394364,
    "mask_mAP": 0.2885460753022231,
    "mask_mAP_50": 0.44481393114886664,
    "mask_mAP_75": 0.33275280140533064,
    "mask_mAP_small": 0.1583355859070583,
    "mask_mAP_medium": 0.3261109212231449,
    "mask_mAP_large": 0.3715757863907393,
    "per_class_ap": {
      "can_metal": 0.5067,
      "tarp_plastic": 0.0,
      "container_plastic": 0.0,
      "bottle_plastic": 0.2814,
      "tube_cement": 0.0,
      "plant": 0.4172,
      "container_middle_size_metal": 0.0,
      "animal_etc": 0.3763,
      "animal_sponge": 0.2336,
      "bottle_glass": 0.5061,
      "wreckage_metal": 0.7505,
      "unknown_instance": 0.2612,
      "pipe_plastic": 0.2949,
      "net_plastic": 0.3107,
      "animal_shells": 0.4153,
      "rope_fiber": 0.042,
      "animal_urchin": 0.3588,
      "cup_plastic": 0.0606,
      "brick_clay": 0.1285,
      "bag_plastic": 0.6914,
      "sanitaries_plastic": 0.0,
      "clothing_fiber": 0.0,
      "cup_ceramic": 0.0,
      "boot_rubber": 0.6553,
      "tire_rubber": 0.5465,
      "jar_glass": 0.0,
      "rov_cable": 0.0878,
      "rov_tortuga": 0.0,
      "branch_wood": 0.0,
      "furniture_wood": 0.0,
      "snack_wrapper_plastic": 0.0,
      "lid_plastic": 0.0,
      "cardboard_paper": 0.0,
      "rope_plastic": 0.0,
      "cable_metal": 0.0,
      "animal_fish": 0.0,
      "snack_wrapper_paper": 0.0,
      "rov_vehicle_leg": 0.0,
      "rov_bluerov": 0.0,
      "animal_starfish": 0.0
    }
  },
  "grouped_metrics": {
    "coarse": {
      "box_mAP": 0.4786702886921435,
      "box_mAP_50": 0.6749557645729046,
      "box_mAP_75": 0.5567110807338803,
      "box_mAP_small": 0.23586775325103898,
      "box_mAP_medium": 0.3643485221322186,
      "box_mAP_large": 0.6381613560046295,
      "mask_mAP": 0.2756470650110467,
      "mask_mAP_50": 0.49329348700227077,
      "mask_mAP_75": 0.290060775458097,
      "mask_mAP_small": 0.20457381378112074,
      "mask_mAP_medium": 0.26991846177255885,
      "mask_mAP_large": 0.392372921884381,
      "per_class_ap": {
        "rov": 0.0876,
        "organic": 0.3396,
        "trash_easy": 0.5651,
        "trash_entangled": 0.0677,
        "trash_heavy": 0.3183
      }
    },
    "ternary": {
      "box_mAP": 0.5484117357753765,
      "box_mAP_50": 0.7624283398769205,
      "box_mAP_75": 0.6338377291905617,
      "box_mAP_small": 0.33108832109498265,
      "box_mAP_medium": 0.3820198645613491,
      "box_mAP_large": 0.6928264890994217,
      "mask_mAP": 0.29773648458930463,
      "mask_mAP_50": 0.533468547293939,
      "mask_mAP_75": 0.29888313354241464,
      "mask_mAP_small": 0.29994841191803234,
      "mask_mAP_medium": 0.3034840296658074,
      "mask_mAP_large": 0.3589319370993485,
      "per_class_ap": {
        "rov": 0.0876,
        "non_trash": 0.3396,
        "trash": 0.466
      }
    },
    "binary": {
      "box_mAP": 0.4810941092378316,
      "box_mAP_50": 0.732509364159609,
      "box_mAP_75": 0.5445034759510567,
      "box_mAP_small": 0.496492102982605,
      "box_mAP_medium": 0.5047034102002266,
      "box_mAP_large": 0.6423699873554342,
      "mask_mAP": 0.39567073818291193,
      "mask_mAP_50": 0.6726121512493367,
      "mask_mAP_75": 0.42158697297737446,
      "mask_mAP_small": 0.4495645594060142,
      "mask_mAP_medium": 0.41741401220744734,
      "mask_mAP_large": 0.3105473485707072,
      "per_class_ap": {
        "non_trash": 0.3253,
        "trash": 0.466
      }
    }
  }
}