{
  "source_dataset": "seaclear",
  "target_dataset": "seaclear",
  "target_ann": "seaclear_data/seaclear_480p_chunksplit_test.json",
  "checkpoint": "checkpoints/seaclear_chunksplit_overlay/model6v2/best_model.pth",
  "eval_space": "seaclear",
  "preprocess": "none",
  "metrics": {
    "box_mAP": 0.36358548620873327,
    "box_mAP_50": 0.4975033476007773,
    "box_mAP_75": 0.4302928184625475,
    "box_mAP_small": 0.19046013011405993,
    "box_mAP_medium": 0.3915154339709292,
    "box_mAP_large": 0.4984466968000007,
    "mask_mAP": 0.29150129584857004,
    "mask_mAP_50": 0.45406835595397127,
    "mask_mAP_75": 0.3357366243480824,
    "mask_mAP_small": 0.16552632187453648,
    "mask_mAP_medium": 0.33464280681859937,
    "mask_mAP_large": 0.4083776912958364,
    "per_class_ap": {
      "can_metal": 0.5386,
      "tarp_plastic": 0.0,
      "container_plastic": 0.0,
      "bottle_plastic": 0.2814,
      "tube_cement": 0.0,
      "plant": 0.3863,
      "container_middle_size_metal": 0.0,
      "animal_etc": 0.3878,
      "animal_sponge": 0.2699,
      "bottle_glass": 0.5219,
      "wreckage_metal": 0.5848,
      "unknown_instance": 0.1178,
      "pipe_plastic": 0.3235,
      "net_plastic": 0.4045,
      "animal_shells": 0.4998,
      "rope_fiber": 0.0442,
      "animal_urchin": 0.3615,
      "cup_plastic": 0.0485,
      "brick_clay": 0.1612,
      "bag_plastic": 0.7009,
      "sanitaries_plastic": 0.0,
      "clothing_fiber": 0.0,
      "cup_ceramic": 0.0,
      "boot_rubber": 0.6781,
      "tire_rubber": 0.5513,
      "jar_glass": 0.0,
      "rov_cable": 0.1342,
      "rov_tortuga": 0.0,
      "branch_wood": 0.0,
      "furniture_wood": 0.0,
      "snack_wrapper_plastic": 0.0,
      "lid_plastic": 0.0,
      "cardboard_paper": 0.0,
      "rope_plastic": 0.0,
      "cable_metal": 0.0,
      "animal_fish": 0.0,
      "snack_wrapper_paper": 0.0,
      "rov_vehicle_leg": 0.0,
      "rov_bluerov": 0.0,
      "animal_starfish": 0.0
    }
  },
  "grouped_metrics": {
    "coarse": {
      "box_mAP": 0.4977917760789334,
      "box_mAP_50": 0.7030796144285233,
      "box_mAP_75": 0.5745198729034826,
      "box_mAP_small": 0.2219821753540809,
      "box_mAP_medium": 0.4467676214589765,
      "box_mAP_large": 0.6389570243254065,
      "mask_mAP": 0.29485400372698856,
      "mask_mAP_50": 0.530822461131285,
      "mask_mAP_75": 0.2953296553931084,
      "mask_mAP_small": 0.19090541780962925,
      "mask_mAP_medium": 0.30210761701772954,
      "mask_mAP_large": 0.4224951807667059,
      "per_class_ap": {
        "rov": 0.134,
        "organic": 0.3509,
        "trash_easy": 0.5736,
        "trash_entangled": 0.0786,
        "trash_heavy": 0.3372
      }
    },
    "ternary": {
      "box_mAP": 0.565094506930126,
      "box_mAP_50": 0.7793397909797583,
      "box_mAP_75": 0.6481929161126349,
      "box_mAP_small": 0.3291911636457123,
      "box_mAP_medium": 0.485239525629799,
      "box_mAP_large": 0.7071486784563765,
      "mask_mAP": 0.3208841106828299,
      "mask_mAP_50": 0.5910053271525753,
      "mask_mAP_75": 0.3021228788897346,
      "mask_mAP_small": 0.3037808602916185,
      "mask_mAP_medium": 0.3430878871346625,
      "mask_mAP_large": 0.4123904988562505,
      "per_class_ap": {
        "rov": 0.134,
        "non_trash": 0.3509,
        "trash": 0.4778
      }
    },
    "binary": {
      "box_mAP": 0.4921237675677826,
      "box_mAP_50": 0.7446865081645193,
      "box_mAP_75": 0.5532735759482146,
      "box_mAP_small": 0.49322703392562917,
      "box_mAP_medium": 0.5270115977976282,
      "box_mAP_large": 0.6780481732813628,
      "mask_mAP": 0.40700943953833213,
      "mask_mAP_50": 0.6847465966938564,
      "mask_mAP_75": 0.43684611954884356,
      "mask_mAP_small": 0.4552693510826514,
      "mask_mAP_medium": 0.43092076184835687,
      "mask_mAP_large": 0.34291176023255526,
      "per_class_ap": {
        "non_trash": 0.3362,
        "trash": 0.4778
      }
    }
  }
}