{
  "source_dataset": "seaclear",
  "target_dataset": "seaclear",
  "target_ann": "seaclear_data/seaclear_480p_chunksplit_test.json",
  "checkpoint": "checkpoints/seaclear_chunksplit/model6v2/best_model.pth",
  "eval_space": "seaclear",
  "preprocess": "none",
  "metrics": {
    "box_mAP": 0.37523960388511324,
    "box_mAP_50": 0.5033560163378893,
    "box_mAP_75": 0.4370990831387314,
    "box_mAP_small": 0.1951758683877353,
    "box_mAP_medium": 0.40301639356553925,
    "box_mAP_large": 0.6157209027707413,
    "mask_mAP": 0.2935455326507956,
    "mask_mAP_50": 0.4560552443953043,
    "mask_mAP_75": 0.337350391910754,
    "mask_mAP_small": 0.16072887721900764,
    "mask_mAP_medium": 0.33756242085615856,
    "mask_mAP_large": 0.49119755801862475,
    "per_class_ap": {
      "can_metal": 0.5351,
      "tarp_plastic": 0.18,
      "container_plastic": 0.0,
      "bottle_plastic": 0.2961,
      "tube_cement": 0.0,
      "plant": 0.3705,
      "container_middle_size_metal": 0.0,
      "animal_etc": 0.3888,
      "animal_sponge": 0.2227,
      "bottle_glass": 0.5254,
      "wreckage_metal": 0.5485,
      "unknown_instance": 0.2034,
      "pipe_plastic": 0.2778,
      "net_plastic": 0.3729,
      "animal_shells": 0.4491,
      "rope_fiber": 0.0447,
      "animal_urchin": 0.3723,
      "cup_plastic": 0.0693,
      "brick_clay": 0.1743,
      "bag_plastic": 0.7044,
      "sanitaries_plastic": 0.0,
      "clothing_fiber": 0.0,
      "cup_ceramic": 0.0,
      "boot_rubber": 0.656,
      "tire_rubber": 0.5244,
      "jar_glass": 0.0,
      "rov_cable": 0.1272,
      "rov_tortuga": 0.0,
      "branch_wood": 0.0,
      "furniture_wood": 0.0,
      "snack_wrapper_plastic": 0.0,
      "lid_plastic": 0.0,
      "cardboard_paper": 0.0,
      "rope_plastic": 0.0,
      "cable_metal": 0.0023,
      "animal_fish": 0.0,
      "snack_wrapper_paper": 0.0,
      "rov_vehicle_leg": 0.0,
      "rov_bluerov": 0.0,
      "animal_starfish": 0.0
    }
  },
  "grouped_metrics": {
    "coarse": {
      "box_mAP": 0.5072832805392483,
      "box_mAP_50": 0.7118368360471964,
      "box_mAP_75": 0.5672321721865654,
      "box_mAP_small": 0.22968916953993188,
      "box_mAP_medium": 0.4425346494643409,
      "box_mAP_large": 0.6596713386090066,
      "mask_mAP": 0.2885564852862106,
      "mask_mAP_50": 0.544975561434179,
      "mask_mAP_75": 0.27883868460957406,
      "mask_mAP_small": 0.19702748597414999,
      "mask_mAP_medium": 0.29516290766599923,
      "mask_mAP_large": 0.4037646105265758,
      "per_class_ap": {
        "rov": 0.1272,
        "organic": 0.3557,
        "trash_easy": 0.5538,
        "trash_entangled": 0.0681,
        "trash_heavy": 0.338
      }
    },
    "ternary": {
      "box_mAP": 0.5791496324301573,
      "box_mAP_50": 0.7773819521897808,
      "box_mAP_75": 0.6525453140219594,
      "box_mAP_small": 0.3344018095158899,
      "box_mAP_medium": 0.4916053847397603,
      "box_mAP_large": 0.7240924351092249,
      "mask_mAP": 0.31485121552137785,
      "mask_mAP_50": 0.6009960877837163,
      "mask_mAP_75": 0.2852609175546751,
      "mask_mAP_small": 0.305511201519011,
      "mask_mAP_medium": 0.33934625044458494,
      "mask_mAP_large": 0.3881670635643891,
      "per_class_ap": {
        "rov": 0.1272,
        "non_trash": 0.3557,
        "trash": 0.4616
      }
    },
    "binary": {
      "box_mAP": 0.49343478166719723,
      "box_mAP_50": 0.7405179961563967,
      "box_mAP_75": 0.5590752903870227,
      "box_mAP_small": 0.5014537814309509,
      "box_mAP_medium": 0.520667561161977,
      "box_mAP_large": 0.6925882706898229,
      "mask_mAP": 0.3996579288691392,
      "mask_mAP_50": 0.6830115778141466,
      "mask_mAP_75": 0.41170719363933256,
      "mask_mAP_small": 0.4579948273306293,
      "mask_mAP_medium": 0.42604818635564,
      "mask_mAP_large": 0.3080898190054596,
      "per_class_ap": {
        "non_trash": 0.3377,
        "trash": 0.4616
      }
    }
  }
}