{
  "image_tc_chunksplit": {
    "dataset": 0.2689768373966217,
    "class": 0.012627407908439636
  },
  "image_sc_chunksplit": {
    "dataset": 0.26930901408195496,
    "class": 0.003143925219774246
  },
  "image_sc_chunksplit+overlay": {
    "dataset": 0.25671759247779846,
    "class": 0.008023377507925034
  },
  "roi_tc_chunksplit": {
    "dataset": 0.05217355489730835,
    "class": -0.050451941788196564
  },
  "roi_sc_chunksplit": {
    "dataset": 0.022188058122992516,
    "class": -0.031604815274477005
  },
  "roi_sc_chunksplit+overlay": {
    "dataset": 0.022102748975157738,
    "class": -0.028637222945690155
  }
}